generation,fitness_run_1,diversity_run_1,fitness_run_2,diversity_run_2,fitness_run_3,diversity_run_3,fitness_run_4,diversity_run_4,fitness_run_5,diversity_run_5,fitness_average,diversity_average
1,108471.81353775004,158.6888888888889,108966.90211987628,183.0,111076.79457055387,192.17777777777778,110009.70316546356,163.7111111111111,110304.98958412126,154.75555555555556,109766.040595553,170.46666666666667
2,108151.27584037882,133.6888888888889,108672.93688132436,82.13333333333334,109416.78284536197,103.53333333333333,109730.74912016417,61.733333333333334,109253.07076209589,127.55555555555556,109044.96308986502,101.7288888888889
3,107355.8328488926,26.666666666666668,108672.93688132436,24.6,107093.46668417689,41.888888888888886,106990.33820064957,97.82222222222222,107808.7393487825,69.6,107584.26279276519,52.11555555555556
4,106483.98979838086,3.688888888888889,108397.28577790139,18.8,106729.876084061,1.8,106609.1548157942,7.666666666666667,107721.83687069241,5.733333333333333,107188.42866936597,7.537777777777778
5,106483.98979838086,0.0,108058.0321759394,1.2,106729.876084061,0.4,106609.1548157942,0.0,105838.52617618587,4.644444444444445,106743.91581007229,1.2488888888888892
6,106483.98979838086,0.0,107700.72715737064,0.8,103525.0372868236,16.644444444444446,106311.11532753709,1.4666666666666666,105838.52617618587,0.0,105971.87914925962,3.7822222222222224
7,105614.42213498655,2.2666666666666666,107700.72715737064,0.0,103174.16051268352,1.8666666666666667,105757.70143844778,2.7111111111111112,105775.15426197331,1.3333333333333333,105604.43310109238,1.6355555555555554
8,105614.42213498655,0.0,107700.72715737064,0.4,102086.83940142592,5.733333333333333,105407.81030529605,0.9333333333333333,105775.15426197331,0.0,105316.9906522105,1.4133333333333336
9,104346.39101195127,1.3333333333333333,107700.72715737064,0.0,102086.83940142592,0.0,104769.05447270039,0.4,105061.13973852294,1.0666666666666667,104792.83035639423,0.5599999999999999
10,104285.34908680647,1.2,107646.30147754271,1.3333333333333333,101338.74665913226,0.7111111111111111,104430.89088636728,2.533333333333333,105061.13973852294,0.0,104552.48556967433,1.1555555555555554
11,103836.30471395506,1.1111111111111112,107380.17516325113,0.7111111111111111,101338.74665913226,0.4,103856.43888476834,0.8,104342.91759118208,2.0,104150.91660245779,1.0044444444444445
12,103812.6744520563,1.4666666666666666,107380.17516325113,0.0,100698.58587606296,0.7111111111111111,103201.21612212835,2.3555555555555556,104236.52481292152,1.6444444444444444,103865.83528528406,1.2355555555555555
13,103517.1972246055,1.3333333333333333,107082.18206937757,1.0666666666666667,100636.54318875271,1.511111111111111,102751.26635711422,0.7111111111111111,103521.47454402271,3.2888888888888888,103501.73267677454,1.5822222222222222
14,103027.53181651098,0.9333333333333333,106692.15744059037,1.7333333333333334,100027.77889127696,1.6444444444444444,102705.72940256051,2.311111111111111,103340.95722710631,0.4,103158.83095560902,1.4044444444444446
15,103027.53181651098,0.4,106347.80900358935,1.8666666666666667,100027.77889127696,1.5777777777777777,102063.31879729095,1.1111111111111112,103167.2740893781,1.511111111111111,102926.74251960928,1.2933333333333334
16,103026.46180118894,1.3333333333333333,105249.67041360198,4.666666666666667,99069.3344883666,0.4,102063.31879729095,0.7111111111111111,101766.79607029456,3.111111111111111,102235.11631414862,2.0444444444444447
17,102904.469050472,1.4666666666666666,105249.67041360198,0.4,98125.89791991048,1.8666666666666667,102063.31879729095,0.0,101569.67539332107,0.9333333333333333,101982.6063149193,0.9333333333333333
18,102609.22924967362,0.7111111111111111,104654.85844696352,3.511111111111111,98053.9882016052,1.0666666666666667,101984.79111505109,0.7111111111111111,101569.67539332107,0.0,101774.5084813229,1.2
19,102609.22924967362,0.7111111111111111,103979.5690200579,5.777777777777778,97873.32390053624,1.3333333333333333,101984.79111505109,0.4,99605.71440615454,4.5777777777777775,101210.52553829466,2.5599999999999996
20,102609.22924967362,0.8,103651.48089570108,0.4,97873.32390053624,0.0,101967.40779681208,1.0666666666666667,99288.50407054399,0.7111111111111111,101077.9891826534,0.5955555555555556
21,102609.22924967362,0.0,103651.48089570108,0.8,97873.32390053624,0.0,101119.34374910069,2.8,98270.80877888175,1.6444444444444444,100704.83731477868,1.0488888888888888
22,102370.27241042172,1.0666666666666667,103097.2040452794,0.8,97855.68704201844,1.1111111111111112,101119.34374910069,0.0,98270.80877888175,1.3333333333333333,100542.6632051404,0.8622222222222222
23,101361.29203360628,2.888888888888889,103097.2040452794,0.4,95429.57930328957,3.3777777777777778,101119.34374910069,0.0,97972.80141687037,1.0666666666666667,99796.04410962926,1.5466666666666664
24,100015.99242840912,2.533333333333333,103097.2040452794,0.0,95429.57930328957,0.0,101119.34374910069,0.4,97972.80141687037,0.0,99526.98418858983,0.5866666666666667
25,100015.99242840912,0.4,102367.19226337952,1.3333333333333333,95429.57930328957,0.4,101119.34374910069,0.0,97003.55951362783,1.3333333333333333,99187.13345156136,0.6933333333333334
26,99880.31957200053,0.8,102348.23394620567,1.3333333333333333,95429.57930328957,0.0,101020.61026286703,1.4666666666666666,97003.55951362783,0.4,99136.46051959813,0.7999999999999999
27,99448.47169765698,0.4,101872.62160374183,1.0666666666666667,95429.57930328957,0.8,100816.18848664462,0.7111111111111111,97003.55951362783,0.8,98914.08412099216,0.7555555555555555
28,99448.47169765698,0.8,101872.62160374183,0.4,95429.57930328957,0.0,100554.6292787313,1.4666666666666666,96619.64225540445,1.7777777777777777,98784.98882776483,0.888888888888889
29,99448.47169765698,0.0,101872.62160374183,0.0,95429.57930328957,0.0,100111.99783582326,1.1111111111111112,96080.92156957283,0.9333333333333333,98588.7184020169,0.40888888888888886
30,99448.47169765698,0.0,101872.62160374183,0.4,95429.57930328957,0.0,100111.99783582326,0.4,96080.92156957283,0.4,98588.7184020169,0.24000000000000005
31,99448.47169765698,0.4,101872.62160374183,0.4,95144.17449325141,0.0,99875.5913527933,0.8,94862.05847097335,1.4222222222222223,98240.58352368338,0.6044444444444445
32,99261.7256434352,0.0,101802.90960187033,0.9333333333333333,94593.23181248321,1.1111111111111112,98880.01850158618,0.0,94862.05847097335,0.0,97879.98880606965,0.40888888888888886
33,98989.60072237361,0.9333333333333333,101802.90960187033,0.0,94593.23181248321,1.1111111111111112,98623.83658456919,1.8222222222222222,94862.05847097335,0.8,97774.32743845394,0.9333333333333332
34,98989.60072237361,0.4,101802.90960187033,0.0,94593.23181248321,0.4,98623.54575148903,1.1111111111111112,94660.58819412875,1.1111111111111112,97733.975216469,0.6044444444444445
35,98285.89833395348,1.511111111111111,101745.47625435948,1.4666666666666666,94593.23181248321,0.4,98623.54575148903,0.0,94631.70921288089,1.7333333333333334,97575.97227303321,1.0222222222222221
36,97714.92426267563,1.1111111111111112,101411.71625939838,1.3333333333333333,94593.23181248321,0.4,98623.54575148903,0.0,93874.7110298405,3.6444444444444444,97243.62582317735,1.2977777777777777
37,97714.92426267563,0.0,101271.43321299115,0.0,94593.23181248321,0.4,98623.54575148903,0.4,93738.72586003337,1.4666666666666666,97188.3721799345,0.4533333333333333
38,97374.98817244255,1.4666666666666666,101271.43321299115,0.4,94376.5598926265,1.0666666666666667,98458.47407796387,0.0,93738.72586003337,0.8,97044.03624321148,0.7466666666666667
39,95376.62215172191,2.2666666666666666,101271.43321299115,0.4,94376.5598926265,0.0,98458.47407796387,1.4222222222222223,93738.72586003337,0.8,96644.36303906735,0.9777777777777776
40,94257.35989009301,2.977777777777778,101259.31776875914,0.9333333333333333,94376.5598926265,0.0,98458.47407796387,0.8,93291.28477936545,2.0,96328.59928176159,1.3422222222222222
41,93300.87270636988,2.933333333333333,101191.77977707578,0.7111111111111111,94376.5598926265,0.0,98073.69948232212,0.7111111111111111,92916.63769814583,1.9111111111111112,95971.90991130802,1.2533333333333334
42,93300.87270636988,1.8222222222222222,101191.77977707578,0.4,94376.5598926265,0.0,97595.65624565439,1.4666666666666666,92916.63769814583,0.0,95876.30126397447,0.7377777777777779
43,93171.41413686016,1.4666666666666666,101191.77977707578,0.7111111111111111,93645.43193680242,0.7111111111111111,97578.95648638823,0.4,92916.63769814583,0.4,95700.84400705447,0.7377777777777778
44,93171.41413686016,0.0,100750.4994566181,2.1333333333333333,92940.53914823047,1.3333333333333333,97578.95648638823,0.4,92767.44945534282,1.1111111111111112,95441.77173668795,0.9955555555555555
45,92711.299021033,1.1111111111111112,100240.25290940287,1.4666666666666666,92797.60815973867,1.7333333333333334,97442.63749112647,1.1111111111111112,92767.44945534282,0.4,95191.84940732877,1.1644444444444446
46,92711.299021033,0.4,100098.95307562912,1.8666666666666667,92797.60815973867,0.4,97442.63749112647,0.4,92767.44945534282,0.0,95163.58944057403,0.6133333333333333
47,92588.09369562741,2.1333333333333333,99551.04253193522,1.2,92766.4673376862,1.511111111111111,97442.63749112647,0.0,92767.44945534282,0.4,95023.13810234363,1.048888888888889
48,92588.09369562741,1.4222222222222223,99551.04253193522,0.7111111111111111,92738.95716596344,0.9333333333333333,97431.8766614874,1.1111111111111112,92767.44945534282,0.0,95015.48390207125,0.8355555555555554
49,92588.09369562741,0.4,99375.31509473838,1.4666666666666666,92738.95716596344,0.0,97081.36578390247,0.4,92767.44945534282,0.4,94910.2362391149,0.5333333333333333
50,92588.09369562741,0.4,99297.62622493278,0.7111111111111111,92738.95716596344,0.0,97081.36578390247,0.0,92244.00593246052,1.0666666666666667,94790.00976057732,0.4355555555555556
51,92388.31492415887,1.0666666666666667,99171.54068257379,1.1111111111111112,92655.76805948005,0.9333333333333333,97081.36578390247,0.4,91923.6894474142,1.3333333333333333,94644.13577950587,0.968888888888889
52,92388.31492415887,0.0,98627.31479677383,3.7333333333333334,91481.45617589391,1.1111111111111112,96993.50415960526,1.1111111111111112,91773.03591353541,1.6444444444444444,94252.72519399345,1.52
53,92263.30433146992,0.4,98627.31479677383,1.511111111111111,90921.52134935452,1.3333333333333333,96993.50415960526,0.4,91218.36956145368,2.4444444444444446,94004.80283973145,1.2177777777777776
54,92263.30433146992,0.4,98627.31479677383,0.0,90921.52134935452,0.4,96993.50415960526,0.0,91218.36956145368,0.0,94004.80283973145,0.16
55,92263.30433146992,0.0,98627.31479677383,0.0,90867.79077795746,1.0666666666666667,96993.50415960526,0.0,91218.36956145368,0.0,93994.05672545204,0.21333333333333332
56,92263.30433146992,0.8,98627.31479677383,0.8,90867.79077795746,0.4,96333.77759174023,2.4,91218.36956145368,0.0,93862.11141187904,0.8800000000000001
57,91774.99137454454,0.9333333333333333,98627.31479677383,0.0,90867.79077795746,0.4,96333.77759174023,1.2,91063.27796289766,2.1333333333333333,93733.43050078275,0.9333333333333332
58,91774.99137454454,0.4,98627.31479677383,0.8,90777.8196791656,1.1111111111111112,96123.10360914902,1.2,91063.27796289766,0.0,93673.30148450614,0.7022222222222222
59,91545.48143277598,0.4,98427.6142418389,2.0,90777.8196791656,0.4,96115.81738876496,1.0666666666666667,91063.27796289766,0.8,93586.00214108863,0.9333333333333332
60,91545.48143277598,0.7111111111111111,98054.6617237521,1.1111111111111112,90603.29439769672,2.2222222222222223,96089.38113645527,0.4,90673.77464836945,2.7111111111111112,93393.31866780992,1.4311111111111112
61,91470.49194699744,1.511111111111111,98054.6617237521,0.4,90603.29439769672,0.7111111111111111,96089.38113645527,1.2,90673.77464836945,0.0,93378.3207706542,0.7644444444444444
62,91470.49194699744,0.4,97956.78950635548,1.511111111111111,90603.29439769672,0.0,96089.38113645527,0.0,90552.8693159964,1.0666666666666667,93334.56526070027,0.5955555555555556
63,91343.3788783433,2.1333333333333333,97936.10261292427,3.2444444444444445,90388.91993085788,1.4666666666666666,96089.38113645527,0.4,90424.70313298616,2.0444444444444443,93236.49713831338,1.857777777777778
64,91052.18631304232,1.0666666666666667,97936.10261292427,0.4,90122.64676156254,0.9333333333333333,95412.16544979071,1.1111111111111112,90424.70313298616,1.1111111111111112,92989.5608540612,0.9244444444444445
65,91052.18631304232,0.4,97936.10261292427,0.8,89037.87868446119,1.1111111111111112,95177.5777221418,1.8666666666666667,89735.85475926676,2.2222222222222223,92587.92001836727,1.28
66,91052.18631304232,0.0,97936.10261292427,0.0,88830.27735688751,0.7111111111111111,95056.71746824877,1.3333333333333333,88605.50313270911,2.311111111111111,92296.15737676239,0.8711111111111111
67,91052.18631304232,0.4,97886.9190448375,1.0666666666666667,88830.27735688751,1.2,94670.80737640613,1.3333333333333333,88605.50313270911,1.1777777777777778,92209.13864477653,1.0355555555555556
68,91052.18631304232,0.4,97795.3733931864,0.8,88830.27735688751,0.4,94670.80737640613,0.4,88455.56984432806,1.0666666666666667,92160.84285677009,0.6133333333333333
69,91052.18631304232,0.4,97795.3733931864,0.0,88830.27735688751,0.0,94670.80737640613,0.0,88427.83928642732,1.1111111111111112,92155.29674518995,0.3022222222222222
70,91052.18631304232,0.0,97795.3733931864,0.0,88830.27735688751,0.4,94472.59931752652,1.511111111111111,88427.83928642732,0.8,92115.65513341401,0.5422222222222223
71,90313.67537445037,1.1111111111111112,96816.77273376033,0.7777777777777778,88830.27735688751,0.4,94472.59931752652,1.2,88427.83928642732,0.0,91772.2328138104,0.6977777777777778
72,90313.67537445037,0.4,96816.77273376033,0.0,88830.27735688751,0.0,94472.59931752652,0.8,88427.83928642732,0.0,91772.2328138104,0.24000000000000005
73,90253.57842035643,0.8,96664.72868082953,1.511111111111111,88830.27735688751,0.8,94472.59931752652,0.0,88427.83928642732,0.0,91729.80461240545,0.6222222222222221
74,89323.65301496146,2.488888888888889,96591.27859800689,1.1111111111111112,88830.27735688751,0.0,94421.1312529128,1.3333333333333333,88314.16440395812,0.0,91496.10092534535,0.9866666666666667
75,89221.46839104359,1.0666666666666667,96380.23647593867,2.0444444444444443,88830.27735688751,0.0,94312.26017549064,2.2222222222222223,88314.16440395812,0.0,91411.6813606637,1.0666666666666667
76,89221.46839104359,0.8,96380.23647593867,1.5777777777777777,88710.77768176449,0.9333333333333333,93756.75159711544,1.3333333333333333,87771.1700279852,0.4,91168.08083476947,1.008888888888889
77,88815.39109872543,0.9333333333333333,95894.6701870272,1.1111111111111112,88710.77768176449,0.0,93552.4829163361,2.7111111111111112,87771.1700279852,0.0,90948.89838236768,0.9511111111111111
78,88815.39109872543,0.0,95894.6701870272,0.0,88710.77768176449,0.4,93452.34816948947,1.511111111111111,87771.1700279852,0.8,90928.87143299836,0.5422222222222223
79,88243.58227682149,1.7333333333333334,95894.6701870272,0.0,88710.77768176449,0.0,93448.6704106161,1.1111111111111112,87771.1700279852,0.4,90813.77411684289,0.6488888888888888
80,88168.85998946076,1.9111111111111112,95894.6701870272,0.4,88481.65983357035,1.3333333333333333,93448.6704106161,0.4,87178.95862277839,2.0444444444444443,90634.56380869055,1.2177777777777778
81,88144.21317325071,1.0666666666666667,95774.69259326295,0.7111111111111111,88481.65983357035,0.4,93448.6704106161,0.4,87178.95862277839,0.0,90605.63892669571,0.5155555555555555
82,88144.21317325071,0.0,95774.69259326295,0.4,88481.65983357035,0.4,93336.74351576825,1.511111111111111,87142.93439651153,2.0,90576.04870247276,0.8622222222222222
83,88132.80756044333,1.0666666666666667,92994.84136911166,4.444444444444445,88072.5891252311,0.4,93146.994691622,0.4,87142.93439651153,0.4,89898.03342858392,1.3422222222222224
84,88132.80756044333,0.8,92484.96421859415,2.311111111111111,88072.5891252311,0.0,93146.994691622,1.3333333333333333,86791.6512329633,0.4,89725.80136577078,0.9688888888888888
85,88132.80756044333,0.0,92484.96421859415,1.2,88005.75051768626,1.1111111111111112,92848.16176614547,1.511111111111111,86791.6512329633,0.0,89652.6670591665,0.7644444444444444
86,87858.4065139141,1.4666666666666666,92484.96421859415,0.4,87726.20948147021,0.9333333333333333,92848.16176614547,0.4,86610.46457948009,0.9333333333333333,89505.6413119208,0.8266666666666665
87,87418.02430114232,1.8222222222222222,92272.84576903637,0.4,87726.20948147021,0.4,92848.16176614547,0.8,86399.46672228855,0.0,89332.94160801658,0.6844444444444445
88,87418.02430114232,1.6,91172.23884776121,2.6222222222222222,87493.47698575228,0.8,92252.26893755981,1.4666666666666666,86399.46672228855,0.4,88947.09515890083,1.3777777777777778
89,87149.6131825458,1.1111111111111112,90903.35451798358,2.2222222222222223,87493.47698575228,0.4,91172.57089102935,1.6444444444444444,86399.46672228855,0.4,88623.69645991991,1.1555555555555557
90,87149.6131825458,0.4,90903.35451798358,1.1111111111111112,87405.74166339017,0.4,91172.57089102935,0.8,86168.52379574813,1.3333333333333333,88559.9608101394,0.8088888888888889
91,87149.6131825458,0.4,90903.35451798358,0.0,87405.74166339017,1.2,91172.57089102935,0.4,86168.52379574813,0.0,88559.9608101394,0.4
92,87149.6131825458,0.0,90827.02611408416,0.8,87405.74166339017,0.8,91172.57089102935,0.4,86168.52379574813,0.0,88544.69512935952,0.4
93,86883.0674744969,1.8666666666666667,90827.02611408416,0.8,86609.09483489204,2.0444444444444443,91172.57089102935,0.0,86168.52379574813,0.8,88332.05662205012,1.1022222222222222
94,86883.0674744969,0.4,90827.02611408416,0.0,86609.09483489204,1.511111111111111,90728.4847180603,0.4,85768.52559282164,0.7111111111111111,88163.23974687101,0.6044444444444445
95,86739.52516823931,0.7111111111111111,90437.17351782991,1.7777777777777777,86541.70848951054,0.0,90728.4847180603,0.0,85768.52559282164,0.8,88043.08349729233,0.6577777777777778
96,86739.52516823931,0.0,90437.17351782991,0.8,86397.90705096176,0.7111111111111111,90728.4847180603,0.0,85693.8018692352,1.4666666666666666,87999.3784648653,0.5955555555555556
97,86739.52516823931,1.2,90421.28508804773,1.0666666666666667,85971.41104968624,0.7111111111111111,90728.4847180603,0.4,85693.8018692352,0.0,87910.90157865376,0.6755555555555556
98,86487.34910795356,1.4666666666666666,90421.28508804773,0.4,85971.41104968624,1.1111111111111112,90728.4847180603,0.4,85307.80177160598,0.8,87783.26634707076,0.8355555555555556
99,86487.34910795356,0.4,90421.28508804773,0.4,85971.41104968624,0.0,90728.4847180603,0.0,85168.84686125857,0.8,87755.47536500127,0.32
100,86487.34910795356,0.4,90351.20420715158,1.3333333333333333,85399.68017563665,2.1333333333333333,90728.4847180603,0.0,85126.87267770171,1.1111111111111112,87618.71817730076,0.9955555555555555
101,86367.36004357335,1.511111111111111,90351.20420715158,0.4,85399.68017563665,2.2222222222222223,90728.4847180603,0.8,85126.87267770171,0.4,87594.72036442472,1.0666666666666667
102,86367.36004357335,0.0,90351.20420715158,0.4,85070.66801403016,0.4,90230.17186083108,1.0666666666666667,85126.87267770171,0.4,87429.25536065757,0.4533333333333333
103,85196.79722361924,2.0444444444444443,89895.36882945665,0.0,84950.04530168818,2.2222222222222223,90230.17186083108,0.8,85126.87267770171,0.0,87079.85117865937,1.0133333333333332
104,85196.79722361924,1.6,89895.36882945665,0.8,84950.04530168818,0.4,90230.17186083108,0.0,85126.87267770171,0.0,87079.85117865937,0.56
105,85196.79722361924,0.4,89844.00698516709,0.9333333333333333,84485.41466403236,0.8,90195.40042326745,1.4666666666666666,85126.87267770171,0.0,86969.69839475756,0.7200000000000001
106,85196.79722361924,0.4,89146.17461667443,1.7333333333333334,84160.55588239343,1.6,90195.40042326745,0.0,84931.72877669912,0.0,86726.13138453073,0.7466666666666667
107,85196.79722361924,0.0,89146.17461667443,1.2,84160.55588239343,0.0,90195.40042326745,0.0,84725.83950526288,2.311111111111111,86684.95353024348,0.7022222222222222
108,85196.79722361924,0.0,89146.17461667443,0.4,84160.55588239343,0.0,89633.75887532883,0.9333333333333333,84725.83950526288,0.8,86572.62522065577,0.42666666666666675
109,85111.80985384596,1.7333333333333334,89146.17461667443,0.0,84160.55588239343,0.4,89633.75887532883,0.7111111111111111,84725.83950526288,0.0,86555.6277467011,0.5688888888888889
110,85111.80985384596,0.4,89146.17461667443,0.4,83866.47479294475,0.8,89633.75887532883,0.4,84725.83950526288,0.0,86496.81152881138,0.4
111,85111.80985384596,0.0,89110.4830866792,0.9333333333333333,83866.47479294475,0.4,89633.75887532883,0.4,84611.42458495643,0.8,86466.79023875103,0.5066666666666666
112,84901.449244,1.1111111111111112,88792.73824411948,1.2,83777.09968953724,1.4666666666666666,89602.62768958487,2.0444444444444443,84611.42458495643,0.7111111111111111,86337.0678904396,1.3066666666666666
113,84901.449244,0.0,88742.8834793195,0.7111111111111111,83411.11852008059,1.3333333333333333,89561.82550787709,2.0444444444444443,84611.42458495643,0.0,86245.74026724673,0.8177777777777777
114,84753.87882948718,1.0666666666666667,88742.8834793195,0.0,83098.39578309465,1.4666666666666666,89561.82550787709,0.4,84293.46066991487,1.7333333333333334,86090.08885393867,0.9333333333333332
115,84753.87882948718,0.0,88253.27803330499,1.511111111111111,83094.61340872523,2.533333333333333,89443.09497122746,0.8,84107.08308533445,1.1111111111111112,85930.38966561586,1.1911111111111112
116,84753.87882948718,0.4,88182.4418271139,1.0666666666666667,83094.61340872523,0.0,89329.47714255365,3.6444444444444444,83885.10016676226,0.8,85849.10227492845,1.182222222222222
117,84725.2928510371,0.9333333333333333,88182.4418271139,0.4,83094.61340872523,0.0,89329.47714255365,0.0,83885.10016676226,0.4,85843.38507923842,0.3466666666666667
118,84725.2928510371,0.0,87828.48428203791,0.0,83084.65365660579,0.4,88623.7740968959,2.8,83822.78551128783,1.4666666666666666,85616.99807957289,0.9333333333333332
119,84725.2928510371,0.4,87828.48428203791,0.8,82511.44176155083,2.0444444444444443,88340.84687795791,2.2666666666666666,83822.78551128783,0.8,85445.77025677431,1.2622222222222221
120,84626.23957926469,1.7333333333333334,87828.48428203791,0.0,82354.39954354274,2.2222222222222223,88253.75137698819,0.9333333333333333,83232.4221734049,1.3333333333333333,85259.05939104767,1.2444444444444445
121,84626.23957926469,0.7111111111111111,87828.48428203791,0.0,82354.39954354274,0.4,88253.75137698819,0.8,83232.4221734049,0.4,85259.05939104767,0.46222222222222226
122,84626.23957926469,0.0,87614.5623303718,1.1111111111111112,82278.921971512,1.3333333333333333,88253.75137698819,0.4,83232.4221734049,0.0,85201.1794863083,0.5688888888888889
123,84459.5643732706,0.4,87614.5623303718,0.4,82278.921971512,1.1111111111111112,87642.89981805066,0.0,82713.2455632846,0.7111111111111111,84941.83881129793,0.5244444444444445
124,84459.5643732706,0.4,87614.5623303718,0.4,82278.921971512,0.4,87630.88068080597,2.0444444444444443,82713.2455632846,1.1111111111111112,84939.43498384899,0.8711111111111112
125,84459.5643732706,0.0,87614.5623303718,1.2,82278.921971512,0.0,87630.88068080597,0.0,82556.47396373273,1.9111111111111112,84908.08066393861,0.6222222222222222
126,84348.76833666408,0.4,87614.5623303718,0.8,82278.921971512,0.4,87630.88068080597,0.0,82556.47396373273,0.0,84885.92145661732,0.32
127,83338.90384711814,0.8,87614.5623303718,0.0,82278.921971512,0.0,87630.88068080597,0.0,82556.47396373273,0.0,84683.94855870813,0.16
128,83338.90384711814,0.8,87614.5623303718,0.0,81616.30355909487,3.511111111111111,87534.02800824255,1.4666666666666666,82556.33000334138,1.0666666666666667,84532.02554963375,1.3688888888888888
129,83338.90384711814,0.0,87229.62924632119,1.9111111111111112,81616.30355909487,0.0,87450.63147603355,0.9333333333333333,82205.45532921782,0.4,84368.18469155711,0.6488888888888888
130,83130.01497508315,0.4,87229.62924632119,0.0,81542.43112690002,0.4,87450.63147603355,0.0,82205.45532921782,0.0,84311.63243071115,0.16
131,83130.01497508315,0.4,86969.58102068315,1.4666666666666666,81542.43112690002,0.4,87450.63147603355,0.0,82205.45532921782,0.0,84259.62278558353,0.4533333333333333
132,83130.01497508315,0.0,86324.71280341265,1.7777777777777777,81542.43112690002,0.0,87351.10106868032,0.7111111111111111,81983.5125277725,1.0666666666666667,84066.35450036974,0.711111111111111
133,83130.01497508315,0.0,85228.37215341242,1.2,81542.43112690002,0.4,87351.10106868032,0.4,81976.26604247291,0.4,83845.63707330977,0.48
134,83130.01497508315,0.0,85190.89687433315,1.3333333333333333,81542.43112690002,0.0,87351.10106868032,0.0,81976.26604247291,1.1111111111111112,83838.14201749391,0.48888888888888893
135,82140.3018343214,2.577777777777778,84667.10528959702,0.9333333333333333,81542.43112690002,0.4,87186.65435779105,0.8,81976.26604247291,0.0,83502.55173021648,0.9422222222222223
136,82137.00884437285,1.4666666666666666,84667.10528959702,0.8,81542.43112690002,0.4,86328.19879088085,1.4666666666666666,81976.26604247291,0.0,83330.20201884473,0.8266666666666665
137,82137.00884437285,0.0,84627.74809183353,1.0666666666666667,81456.83351211925,1.0666666666666667,86328.19879088085,0.0,81809.08286965592,1.9111111111111112,83271.77442177248,0.8088888888888889
138,82013.93600949083,0.0,84627.74809183353,0.4,81456.83351211925,0.4,86328.19879088085,0.0,81809.08286965592,0.8,83247.15985479607,0.32
139,82013.93600949083,0.4,84489.29525332128,1.4666666666666666,81272.9482430688,1.511111111111111,86328.19879088085,0.0,81809.08286965592,0.0,83182.69223328354,0.6755555555555556
140,82009.15586629914,0.4,84489.29525332128,1.2,81272.9482430688,0.4,86328.19879088085,0.0,81809.08286965592,0.8,83181.7362046452,0.5599999999999999
141,82009.15586629914,0.8,84489.29525332128,0.4,81021.0238723004,2.2666666666666666,86328.19879088085,0.0,81753.7849299978,0.7111111111111111,83120.2917425599,0.8355555555555556
142,82009.15586629914,0.4,84489.29525332128,0.0,81021.0238723004,0.0,86328.19879088085,0.0,81753.7849299978,0.0,83120.2917425599,0.08
143,80731.29132134715,3.8666666666666667,84457.41879337297,0.4,81021.0238723004,0.0,86328.19879088085,0.0,81753.7849299978,0.4,82858.34354157983,0.9333333333333333
144,80364.48328185227,1.8222222222222222,84457.41879337297,0.4,81021.0238723004,0.0,86328.19879088085,0.0,81753.7849299978,0.0,82784.98193368086,0.4444444444444445
145,80364.48328185227,1.2,84457.41879337297,0.8,81021.0238723004,0.4,85997.98742791214,1.4666666666666666,81257.00837490988,1.1111111111111112,82619.58435006953,0.9955555555555555
146,80364.48328185227,0.4,84435.94730254008,0.0,81021.0238723004,0.0,85725.3786895215,2.1333333333333333,81257.00837490988,0.0,82560.76830422482,0.5066666666666666
147,80249.27782440188,1.1111111111111112,84303.73821846962,0.8,81021.0238723004,0.8,85725.3786895215,0.4,81257.00837490988,0.0,82511.28539592065,0.6222222222222222
148,80249.27782440188,1.8222222222222222,83962.72331105858,2.4,80972.69402376842,0.4,85725.3786895215,0.0,81257.00837490988,0.4,82433.41644473205,1.0044444444444447
149,79715.47466831922,1.0666666666666667,83951.300037525,0.0,80972.69402376842,0.4,85725.3786895215,0.0,81137.27364396125,1.8666666666666667,82300.42421261908,0.6666666666666667
150,79715.47466831922,0.8,83951.300037525,0.4,80972.69402376842,0.0,85725.3786895215,0.0,81137.27364396125,0.8,82300.42421261908,0.4
151,79715.47466831922,0.4,83951.300037525,0.0,80972.69402376842,0.0,85725.3786895215,0.0,81116.7085791131,0.9333333333333333,82296.31119964944,0.2666666666666667
152,79715.47466831922,0.0,83951.300037525,0.0,80636.09952017621,0.8,85725.3786895215,0.4,81116.7085791131,0.4,82228.992298931,0.32
153,79303.93100513572,0.9333333333333333,83766.62937316655,1.1111111111111112,80636.09952017621,0.0,85725.3786895215,0.4,81116.7085791131,0.4,82109.74943342262,0.5688888888888888
154,79303.93100513572,1.2,83630.72276955184,2.1333333333333333,80636.09952017621,0.0,85379.24946476032,1.0666666666666667,81116.7085791131,0.0,82013.34226774743,0.8799999999999999
155,79303.93100513572,0.0,83630.72276955184,0.0,80636.09952017621,0.4,85379.24946476032,0.0,81116.7085791131,0.8,82013.34226774743,0.24000000000000005
156,79303.93100513572,0.4,83630.72276955184,0.0,80636.09952017621,0.4,85379.24946476032,0.4,81116.7085791131,0.8,82013.34226774743,0.4
157,79303.93100513572,0.4,83630.72276955184,0.0,80636.09952017621,0.0,85360.89887110206,0.0,81116.7085791131,0.0,82009.67214901578,0.08
158,78568.34741673253,2.4444444444444446,83630.72276955184,0.0,80636.09952017621,0.8,85335.39562058143,1.3333333333333333,80199.41528005923,1.1111111111111112,81673.99612142025,1.1377777777777776
159,78568.34741673253,0.0,83630.72276955184,0.4,80636.09952017621,0.4,85335.39562058143,0.0,79998.10415333175,0.4,81633.73389607474,0.24000000000000005
160,78568.34741673253,0.0,83630.72276955184,0.0,80636.09952017621,0.4,84996.5117073552,0.4,79998.10415333175,0.0,81565.95711342951,0.16
161,78568.34741673253,0.4,83630.72276955184,0.8,80636.09952017621,0.0,84506.32100635451,1.7333333333333334,79998.10415333175,0.0,81467.91897322936,0.5866666666666667
162,78349.71906822966,0.9333333333333333,83630.72276955184,0.4,80636.09952017621,0.0,84253.56450875368,1.1111111111111112,79998.10415333175,0.4,81373.64200400864,0.5688888888888889
163,77845.04252562017,0.0,83081.39611554348,1.1111111111111112,80527.59064364826,0.8,84253.56450875368,0.0,79901.19899820493,0.8,81121.75855835411,0.5422222222222223
164,77845.04252562017,0.7111111111111111,83081.39611554348,0.4,80294.86120328633,1.4666666666666666,84253.56450875368,0.0,79901.19899820493,0.4,81075.21267028172,0.5955555555555555
165,77845.04252562017,0.4,83081.39611554348,0.0,80294.86120328633,0.0,84023.97716232961,1.7777777777777777,79901.19899820493,0.4,81029.29520099689,0.5155555555555555
166,77845.04252562017,0.0,83081.39611554348,0.0,80242.34653774305,1.511111111111111,84023.97716232961,0.0,79901.19899820493,0.0,81018.79226788825,0.3022222222222222
167,77845.04252562017,0.4,83081.39611554348,0.0,80242.34653774305,0.0,84023.97716232961,0.8,79901.19899820493,0.8,81018.79226788825,0.4
168,77845.04252562017,0.0,83081.39611554348,0.0,80242.34653774305,0.0,84023.97716232961,0.0,79510.57984212412,1.2,80940.66843667209,0.24
169,77763.33144856028,1.7333333333333334,83081.39611554348,0.8,80235.54927513647,1.1111111111111112,84023.97716232961,0.0,79190.17704956928,0.4,80858.88621022782,0.8088888888888889
170,77763.33144856028,0.0,83081.39611554348,0.4,80235.54927513647,1.6,84023.97716232961,1.2,79190.17704956928,0.0,80858.88621022782,0.64
171,77689.2461981805,0.0,83081.39611554348,0.4,80235.54927513647,0.4,84023.97716232961,0.0,79144.89370130484,0.0,80835.01249049898,0.16
172,77689.2461981805,0.4,83081.39611554348,0.0,80235.54927513647,0.4,84023.97716232961,0.8,79114.92111231807,0.7111111111111111,80829.01797270162,0.46222222222222226
173,77689.2461981805,0.0,83081.39611554348,0.4,80235.54927513647,0.0,84023.97716232961,0.0,79114.92111231807,1.2,80829.01797270162,0.32
174,77689.2461981805,0.0,83027.27753458136,1.1111111111111112,80127.1577944539,0.4,84023.97716232961,0.4,79052.24851717702,0.7111111111111111,80783.98144134447,0.5244444444444445
175,77689.2461981805,0.0,83027.27753458136,0.4,80127.1577944539,0.0,84021.88454496721,0.4,78683.08602329947,0.4,80709.7304190965,0.24000000000000005
176,77230.11717384412,1.1111111111111112,83027.27753458136,0.0,80127.1577944539,0.0,83885.75922561312,0.7111111111111111,78683.08602329947,0.4,80590.6795503584,0.4444444444444445
177,77230.11717384412,0.0,83027.27753458136,0.8,80096.09795004394,0.8,83218.4203608548,1.0666666666666667,78611.90986313371,0.7111111111111111,80436.76457649158,0.6755555555555557
178,77190.42627084574,0.7111111111111111,83027.27753458136,0.0,79992.54845767055,2.1777777777777776,82903.00845492935,1.4666666666666666,78430.87094047046,1.1111111111111112,80308.8263316995,1.0933333333333333
179,77190.42627084574,0.0,83027.27753458136,0.0,79992.54845767055,0.4,82903.00845492935,0.4,78430.87094047046,0.0,80308.8263316995,0.16
180,77190.42627084574,0.4,83027.27753458136,0.4,79666.61653010486,0.7111111111111111,82881.49136881575,0.0,78430.87094047046,0.0,80239.33652896364,0.3022222222222222
181,77190.42627084574,0.0,83027.27753458136,0.0,79666.61653010486,0.4,82881.49136881575,0.0,78430.87094047046,0.0,80239.33652896364,0.08
182,76957.58114400228,1.4666666666666666,83027.27753458136,0.0,79666.61653010486,0.4,82881.49136881575,0.0,78150.27648446342,1.0666666666666667,80136.64861239353,0.5866666666666667
183,76845.2717046694,1.1111111111111112,83027.27753458136,0.4,78485.13461958614,1.1111111111111112,82881.49136881575,0.0,78150.27648446342,0.4,79877.89034242321,0.6044444444444445
184,76845.2717046694,0.4,83027.27753458136,0.8,78485.13461958614,0.0,82881.49136881575,0.0,78150.27648446342,0.4,79877.89034242321,0.32
185,76845.2717046694,0.0,83027.27753458136,0.8,78485.13461958614,0.0,82881.49136881575,0.4,78107.08764818529,1.1111111111111112,79869.2525751676,0.46222222222222226
186,76845.2717046694,0.4,82767.40254103941,0.0,78485.13461958614,0.0,82881.49136881575,0.0,78107.08764818529,0.4,79817.2775764592,0.16
187,76845.2717046694,0.0,82729.77034157135,1.3333333333333333,78469.83133732033,1.0666666666666667,82718.90940957336,1.4222222222222223,78107.08764818529,0.0,79774.17408826396,0.7644444444444444
188,76845.2717046694,0.4,82729.77034157135,0.0,78469.83133732033,0.4,82718.90940957336,0.0,78086.41725350256,0.9333333333333333,79770.0400093274,0.3466666666666667
189,76845.2717046694,0.0,82585.88141815668,0.4,78145.83424785243,0.8,82718.90940957336,0.4,78086.41725350256,0.0,79676.46280675087,0.32
190,76647.63623733351,0.0,82585.88141815668,0.8,78145.83424785243,0.4,82580.76173435131,0.0,78086.41725350256,1.1111111111111112,79609.30617823929,0.46222222222222226
191,76647.63623733351,0.0,82585.88141815668,0.4,78145.83424785243,0.4,82580.76173435131,0.0,78086.41725350256,1.2,79609.30617823929,0.4
192,76647.63623733351,0.4,82585.88141815668,0.4,77899.57653702232,1.3333333333333333,82580.76173435131,0.0,77751.30732724673,3.422222222222222,79493.03265082212,1.1111111111111112
193,76647.63623733351,0.0,82585.88141815668,0.0,77899.57653702232,0.0,82580.76173435131,0.0,77582.61232780287,1.2,79459.29365093334,0.24
194,75773.02784707301,1.6,82585.88141815668,0.8,77887.97963610735,1.1111111111111112,82580.76173435131,0.4,77582.61232780287,0.8,79282.05259269824,0.9422222222222223
195,75773.02784707301,0.0,82585.88141815668,0.0,77887.97963610735,0.0,82580.76173435131,0.0,77565.87190878995,1.1111111111111112,79278.70450889567,0.22222222222222224
196,75453.69072570039,1.0666666666666667,82585.88141815668,0.0,77887.97963610735,0.4,82580.76173435131,0.4,77565.87190878995,0.0,79214.83708462115,0.37333333333333335
197,75453.69072570039,0.0,82585.88141815668,0.0,77887.97963610735,0.0,82332.06622672554,0.0,77565.87190878995,0.0,79165.09798309598,0.0
198,75324.5124458799,2.0444444444444443,82585.88141815668,0.4,77489.99260931734,1.0666666666666667,82332.06622672554,1.1111111111111112,77565.87190878995,0.0,79059.66492177389,0.9244444444444444
199,75324.5124458799,0.4,81543.11513186722,1.1111111111111112,77460.83717625936,0.9333333333333333,82332.06622672554,0.0,77565.87190878995,0.8,78845.2805779044,0.6488888888888888
200,75324.5124458799,0.0,81543.11513186722,0.4,77460.83717625936,0.4,82332.06622672554,0.4,77462.74278839013,0.7111111111111111,78824.65475382443,0.3822222222222223
201,75324.5124458799,0.0,81543.11513186722,0.0,77460.83717625936,0.0,82332.06622672554,0.0,77462.74278839013,0.4,78824.65475382443,0.08
202,75324.5124458799,0.4,81450.24238953118,0.8,77460.83717625936,1.2,82332.06622672554,0.0,77155.14689790146,1.0666666666666667,78744.5610272595,0.6933333333333334
203,75324.5124458799,0.0,81450.24238953118,0.0,77460.83717625936,0.8,82332.06622672554,0.0,77155.14689790146,0.4,78744.5610272595,0.24000000000000005
204,74910.68036454631,0.9333333333333333,80974.05444954686,1.1111111111111112,77460.83717625936,0.0,82053.54063690787,0.8,77155.14689790146,0.0,78510.85190503237,0.5688888888888888
205,74910.68036454631,0.4,80974.05444954686,0.0,77329.9471822747,1.1111111111111112,82053.54063690787,0.4,77081.25490640834,1.1111111111111112,78469.8955079368,0.6044444444444445
206,74910.68036454631,0.0,80788.39444342842,1.4666666666666666,77273.69878801033,0.4,82053.54063690787,1.2,77081.25490640834,0.0,78421.51382786027,0.6133333333333333
207,74910.68036454631,0.4,80788.39444342842,0.0,77273.69878801033,0.8,82053.54063690787,0.0,77081.25490640834,0.0,78421.51382786027,0.24000000000000005
208,74910.68036454631,0.4,80788.39444342842,0.0,77273.69878801033,0.0,82053.54063690787,0.0,77060.06922208467,0.9333333333333333,78417.27669099552,0.2666666666666667
209,74444.2064407986,1.4222222222222223,80788.39444342842,0.0,77273.69878801033,0.0,82053.54063690787,0.4,76958.07530825745,0.9333333333333333,78303.58312348052,0.5511111111111111
210,74011.4646020578,1.0666666666666667,80788.39444342842,0.0,77273.69878801033,0.0,82053.54063690787,0.0,76682.63516683696,1.2,78161.94672744827,0.4533333333333333
211,74011.4646020578,0.8,80472.03726374962,1.9111111111111112,77273.69878801033,0.4,82053.54063690787,0.0,76571.40482743736,0.4,78076.42922363259,0.7022222222222222
212,74011.4646020578,0.0,80472.03726374962,1.2,77259.47842002024,0.7111111111111111,82053.54063690787,0.0,76571.40482743736,1.2,78073.58515003457,0.6222222222222221
213,74011.4646020578,0.4,80472.03726374962,0.0,77259.47842002024,0.0,82053.54063690787,0.0,76571.40482743736,0.8,78073.58515003457,0.24000000000000005
214,74011.4646020578,0.4,80472.03726374962,0.0,77259.47842002024,0.4,82053.54063690787,0.8,76571.40482743736,0.0,78073.58515003457,0.32
215,74011.4646020578,0.4,80472.03726374962,0.8,77259.47842002024,0.0,82053.54063690787,0.0,76418.97847424487,1.1111111111111112,78043.09987939608,0.46222222222222226
216,74011.4646020578,0.4,80472.03726374962,0.8,77259.47842002024,0.4,82053.54063690787,0.4,76418.97847424487,0.8,78043.09987939608,0.5599999999999999
217,74011.4646020578,0.4,80472.03726374962,0.4,77259.47842002024,0.0,81538.3780493288,0.8,76418.97847424487,0.0,77940.06736188027,0.32
218,74011.4646020578,0.0,80472.03726374962,0.0,77046.05120298536,0.9333333333333333,81538.3780493288,0.4,76418.97847424487,0.8,77897.38191847329,0.42666666666666675
219,74011.4646020578,0.0,80472.03726374962,0.4,77046.05120298536,0.8,81538.3780493288,0.4,76418.97847424487,0.4,77897.38191847329,0.4
220,73602.0182855293,0.8,80472.03726374962,0.4,77046.05120298536,0.0,81285.46114764309,1.4666666666666666,76418.97847424487,0.0,77764.90927483045,0.5333333333333334
221,73602.0182855293,0.4,80472.03726374962,0.0,77046.05120298536,0.0,80883.68852306232,0.0,76418.97847424487,0.4,77684.5547499143,0.16
222,73602.0182855293,0.0,80472.03726374962,0.0,77006.22452689808,0.7111111111111111,80883.68852306232,0.4,76418.97847424487,0.0,77676.58941469683,0.22222222222222224
223,73602.0182855293,0.0,80275.20463121236,0.4,77006.22452689808,0.4,80883.68852306232,0.0,76418.97847424487,0.4,77637.2228881894,0.24000000000000005
224,73589.76127143431,0.9333333333333333,80275.20463121236,0.4,77006.22452689808,0.4,80883.68852306232,0.0,76418.97847424487,0.0,77634.77148537038,0.3466666666666667
225,73589.76127143431,0.4,80275.20463121236,0.4,77006.22452689808,0.0,80625.71662273532,1.0666666666666667,76377.09541736428,0.8,77574.80049392887,0.5333333333333334
226,73504.51906543941,1.4666666666666666,80275.20463121236,0.4,76814.8010202963,1.0666666666666667,80625.71662273532,0.0,76377.09541736428,0.0,77519.46735140952,0.5866666666666667
227,73504.51906543941,0.0,80231.69186115889,1.3333333333333333,76702.10167353255,0.0,80625.71662273532,0.0,76377.09541736428,0.4,77488.22492804608,0.3466666666666667
228,73504.51906543941,0.0,79875.27066217196,1.4666666666666666,76702.10167353255,0.0,80625.71662273532,0.4,76248.89341741655,1.1111111111111112,77391.30028825915,0.5955555555555556
229,73469.7395530703,0.4,79058.7916920884,2.1333333333333333,76702.10167353255,0.8,80625.71662273532,0.0,76062.89612635752,1.0666666666666667,77183.84913355683,0.8799999999999999
230,73469.7395530703,0.0,79058.7916920884,0.0,76702.10167353255,0.4,80619.6083734088,0.0,76062.89612635752,0.0,77182.62748369151,0.08
231,73469.7395530703,0.0,79044.75138704477,1.0666666666666667,76469.79210654464,1.0666666666666667,80322.16137010987,0.0,75843.74140149263,1.3333333333333333,77030.03716365245,0.6933333333333334
232,73469.7395530703,0.4,79044.75138704477,0.4,76469.79210654464,0.4,79618.33076247208,0.4,75843.74140149263,0.0,76889.27104212488,0.32
233,73469.7395530703,0.0,79044.75138704477,0.0,76469.79210654464,0.4,79618.33076247208,0.0,75843.74140149263,0.4,76889.27104212488,0.16
234,73469.7395530703,0.0,79044.75138704477,0.0,76469.79210654464,0.0,79618.33076247208,0.0,75837.54328311404,0.8,76888.03141844916,0.16
235,73469.7395530703,0.0,79044.75138704477,0.0,76469.79210654464,0.0,79618.33076247208,0.0,75783.77477012482,0.4,76877.27771585132,0.08
236,73469.7395530703,0.4,78918.6424671003,2.1777777777777776,76469.79210654464,0.0,79618.33076247208,0.0,75783.77477012482,0.0,76852.05593186243,0.5155555555555555
237,73469.7395530703,0.0,78918.6424671003,0.0,76370.08596968334,2.533333333333333,79079.55865029964,0.8,75783.77477012482,0.0,76724.36028205568,0.6666666666666666
238,73469.7395530703,0.0,78880.96991820673,1.0666666666666667,76370.08596968334,0.0,79079.55865029964,0.4,75468.63251757296,1.4666666666666666,76653.79732176659,0.5866666666666667
239,73469.7395530703,0.0,78685.80198895965,1.8666666666666667,76370.08596968334,0.4,78671.41496291838,0.0,75468.63251757296,0.4,76533.13499844093,0.5333333333333333
240,73469.7395530703,0.0,78685.80198895965,0.4,76336.26463808882,1.1111111111111112,78671.41496291838,0.0,75468.63251757296,0.0,76526.37073212201,0.3022222222222222
241,73469.7395530703,0.0,78685.80198895965,0.8,76336.26463808882,0.0,78634.80891320066,0.7111111111111111,75468.63251757296,0.0,76519.04952217848,0.3022222222222222
242,73469.7395530703,0.4,78685.80198895965,0.4,76082.77406961596,0.0,78634.80891320066,0.8,75468.63251757296,0.4,76468.3514084839,0.4
243,73469.7395530703,0.0,78685.80198895965,0.0,76082.77406961596,0.4,78634.80891320066,0.0,75351.32211678148,1.7333333333333334,76444.8893283256,0.42666666666666664
244,73035.54648006526,1.1111111111111112,78531.99533263846,1.511111111111111,76082.77406961596,0.0,78634.80891320066,0.8,74988.52021936022,0.7111111111111111,76254.72900297612,0.8266666666666668
245,73035.54648006526,0.4,77880.69429173322,0.0,75705.37345113313,0.0,78634.80891320066,0.4,74988.52021936022,0.4,76048.98867109852,0.24000000000000005
246,73035.54648006526,0.0,77880.69429173322,0.0,75559.67234878859,1.511111111111111,78607.47563251585,0.8,74988.52021936022,0.0,76014.38179449263,0.4622222222222222
247,73035.54648006526,0.0,77880.69429173322,0.0,74328.02089308441,2.0,78472.2539206139,0.7111111111111111,74879.41244570742,0.9333333333333333,75719.18560624085,0.7288888888888889
248,73035.54648006526,0.7777777777777778,77880.69429173322,0.0,74328.02089308441,0.0,78472.2539206139,0.4,74833.55605009843,1.2,75710.01432711905,0.47555555555555556
249,72246.16488482074,0.7111111111111111,77880.69429173322,0.4,74328.02089308441,0.0,78472.2539206139,0.8,74833.55605009843,0.0,75552.13800807015,0.38222222222222224
250,72246.16488482074,0.0,77866.75559845947,1.3333333333333333,74328.02089308441,0.0,78472.2539206139,0.0,74742.2628453875,1.0666666666666667,75531.09162847321,0.48
251,72119.29734609758,2.0,77752.92510619272,1.511111111111111,74328.02089308441,0.0,78468.30655624067,1.0666666666666667,74742.2628453875,0.4,75482.16254940057,0.9955555555555555
252,71705.58770223206,0.0,77752.92510619272,0.0,73979.39614667348,1.0666666666666667,78468.30655624067,0.4,74742.2628453875,0.0,75329.69567134528,0.29333333333333333
253,71705.58770223206,0.4,77752.92510619272,0.0,73979.39614667348,0.0,78468.30655624067,0.0,74440.20460935486,0.7111111111111111,75269.28402413875,0.22222222222222224
254,71705.58770223206,0.4,77612.21446557058,1.0666666666666667,73960.49088848161,1.0666666666666667,78468.30655624067,0.0,74440.20460935486,0.0,75237.36084437594,0.5066666666666666
255,71705.58770223206,0.8,77612.21446557058,0.0,73960.49088848161,0.0,78468.30655624067,0.4,74440.20460935486,0.8,75237.36084437594,0.4
256,71705.58770223206,0.4,77612.21446557058,0.8,73960.49088848161,0.0,78468.30655624067,0.4,74380.3817784877,1.511111111111111,75225.39627820252,0.6222222222222222
257,71705.58770223206,0.8,77612.21446557058,0.0,73960.49088848161,0.4,78468.30655624067,0.0,74380.3817784877,0.0,75225.39627820252,0.24000000000000005
258,71705.58770223206,0.0,77565.64823655045,1.1111111111111112,73898.83784562,0.9333333333333333,78468.30655624067,0.4,74048.54604082083,0.9333333333333333,75137.3852762928,0.6755555555555555
259,71705.58770223206,0.4,76969.36721967033,0.4,73898.83784562,0.4,78023.43227618856,1.511111111111111,74048.54604082083,0.4,74929.15421690636,0.6222222222222222
260,71705.58770223206,0.0,76969.36721967033,0.0,73705.51367187944,1.8666666666666667,78023.43227618856,0.0,74048.54604082083,0.4,74890.48938215824,0.4533333333333333
261,71705.58770223206,0.0,76969.36721967033,0.0,73705.51367187944,0.4,78023.43227618856,0.4,74048.54604082083,0.0,74890.48938215824,0.16
262,71705.58770223206,0.4,76969.36721967033,0.0,73464.4720415608,1.0666666666666667,77770.98299774413,0.4,74048.54604082083,0.8,74791.79120040563,0.5333333333333334
263,71616.22874841059,1.3333333333333333,76841.98882959221,0.8,73464.4720415608,0.0,77770.98299774413,0.0,74048.54604082083,0.0,74748.44373162571,0.42666666666666664
264,71567.36971922104,1.1111111111111112,76841.98882959221,0.0,73464.4720415608,0.4,77206.35055365747,0.0,74048.54604082083,0.0,74625.74543697046,0.3022222222222222
265,71567.36971922104,0.0,76723.29702822308,1.3333333333333333,73464.4720415608,0.0,77206.35055365747,0.8,73812.02064110481,1.3333333333333333,74554.70199675343,0.6933333333333334
266,71567.36971922104,0.0,76723.29702822308,0.4,73464.4720415608,0.0,77206.35055365747,0.0,73722.52541492767,1.1111111111111112,74536.80295151801,0.3022222222222222
267,71567.36971922104,0.8,76723.29702822308,0.8,73154.19321289807,1.3333333333333333,77206.35055365747,0.4,73722.52541492767,0.0,74474.74718578547,0.6666666666666667
268,71006.5561155954,2.1777777777777776,76723.29702822308,0.4,73154.19321289807,0.0,77206.35055365747,0.0,73722.52541492767,0.0,74362.58446506035,0.5155555555555555
269,71006.5561155954,0.4,76723.29702822308,0.4,73123.49534180926,0.7111111111111111,77206.35055365747,0.0,73722.52541492767,0.4,74356.44489084258,0.3822222222222222
270,71006.5561155954,0.0,76579.98922548446,0.7111111111111111,73123.49534180926,0.0,77206.35055365747,0.0,73722.52541492767,0.8,74327.78333029486,0.3022222222222222
271,71006.5561155954,0.0,76514.11490584545,1.1111111111111112,73061.62911306933,1.4666666666666666,77206.35055365747,0.0,73722.52541492767,0.0,74302.23522061907,0.5155555555555555
272,71006.5561155954,0.0,76514.11490584545,0.0,73061.62911306933,0.0,76946.11854601615,1.3333333333333333,73722.52541492767,0.4,74250.1888190908,0.3466666666666667
273,71006.5561155954,0.4,76198.19666159526,1.8222222222222222,73061.62911306933,0.0,76945.19380119891,1.4666666666666666,73722.52541492767,0.4,74186.82022127732,0.8177777777777779
274,70982.62540291433,0.9333333333333333,75951.08405268476,1.1111111111111112,72963.15635769232,1.2,76945.19380119891,0.0,73632.17710760445,0.7111111111111111,74094.84734441896,0.7911111111111111
275,70982.62540291433,0.0,75951.08405268476,0.0,72963.15635769232,0.0,76945.19380119891,0.0,73591.35331156953,1.1111111111111112,74086.68258521197,0.22222222222222224
276,70982.62540291433,0.0,75951.08405268476,0.0,72963.15635769232,0.0,76945.19380119891,0.0,73591.35331156953,0.0,74086.68258521197,0.0
277,70810.60325805095,1.3333333333333333,75951.08405268476,0.0,72963.15635769232,0.8,76945.19380119891,0.0,73591.35331156953,0.0,74052.27815623929,0.42666666666666664
278,70808.01088798203,0.8,75951.08405268476,0.4,72952.87633610332,1.0666666666666667,76945.19380119891,0.0,73495.34908537907,1.0666666666666667,74030.50283266962,0.6666666666666666
279,70808.01088798203,0.0,75753.93578480197,1.8666666666666667,72952.87633610332,0.0,76945.19380119891,0.8,73495.34908537907,0.0,73991.07317909304,0.5333333333333334
280,70678.35781638966,1.2,75753.93578480197,0.0,72952.87633610332,0.4,76945.19380119891,1.2,73495.34908537907,0.0,73965.14256477458,0.5599999999999999
281,70660.49689275422,1.1111111111111112,75753.93578480197,0.0,72952.87633610332,0.0,76945.19380119891,0.4,73485.89589138574,0.4,73959.67974124882,0.3822222222222222
282,70622.25513762997,0.4,75746.84083953782,1.3333333333333333,72952.87633610332,0.0,76922.86808576435,0.0,73485.89589138574,0.0,73946.14725808424,0.3466666666666667
283,70622.25513762997,0.0,75746.84083953782,0.0,72952.87633610332,0.4,76922.86808576435,0.4,73485.89589138574,0.4,73946.14725808424,0.24000000000000005
284,70622.25513762997,0.8,75433.58495077003,0.9333333333333333,72952.87633610332,0.0,76922.86808576435,0.0,73485.89589138574,0.0,73883.49608033067,0.3466666666666667
285,70622.25513762997,0.4,75433.58495077003,0.4,72821.3907494791,1.0666666666666667,76781.60502779839,0.4,73485.89589138574,0.4,73828.94635141265,0.5333333333333333
286,70622.25513762997,0.4,75433.58495077003,0.4,72821.3907494791,0.8,76781.60502779839,0.0,73485.89589138574,0.4,73828.94635141265,0.4
287,70622.25513762997,0.0,75433.58495077003,0.0,72821.3907494791,0.4,76781.60502779839,0.4,73485.89589138574,0.0,73828.94635141265,0.16
288,70622.25513762997,0.0,75433.58495077003,0.0,72821.3907494791,0.4,76781.60502779839,0.0,73485.89589138574,0.4,73828.94635141265,0.16
289,70622.25513762997,0.4,75433.58495077003,0.0,72821.3907494791,0.0,76781.60502779839,0.0,73485.89589138574,0.4,73828.94635141265,0.16
290,70622.25513762997,0.0,75433.58495077003,0.0,72821.3907494791,0.0,76781.60502779839,0.0,73446.20810689825,0.4,73821.00879451515,0.08
291,70622.25513762997,0.0,75433.58495077003,0.4,72821.3907494791,0.0,76034.19173667228,0.4,73144.55776336668,0.7777777777777778,73611.19606758362,0.3155555555555556
292,70622.25513762997,0.0,75337.4856765748,1.2,72821.3907494791,0.0,76034.19173667228,0.0,73094.20836792265,0.0,73581.90633365576,0.24
293,70622.25513762997,0.4,75337.4856765748,0.0,72821.3907494791,0.0,76034.19173667228,0.0,73008.69840847772,1.1111111111111112,73564.80434176678,0.3022222222222222
294,70622.25513762997,0.0,75337.4856765748,0.0,72821.3907494791,0.0,76012.84619931116,1.0666666666666667,72970.33992622186,1.0666666666666667,73552.86353784337,0.42666666666666664
295,70622.25513762997,0.0,75337.4856765748,0.0,72821.3907494791,0.0,76004.12189960205,0.4,72704.22393864577,1.1111111111111112,73497.89548038633,0.3022222222222222
296,69992.18185174715,0.4,75337.4856765748,0.4,72821.3907494791,0.0,76004.12189960205,0.4,72609.01790898597,1.1111111111111112,73352.83961727782,0.46222222222222226
297,69992.18185174715,0.0,75337.4856765748,0.4,72821.3907494791,0.0,76004.12189960205,0.0,72609.01790898597,0.0,73352.83961727782,0.08
298,69992.18185174715,0.0,75337.4856765748,0.4,72821.3907494791,0.0,76004.12189960205,0.0,72609.01790898597,0.4,73352.83961727782,0.16
299,69992.18185174715,0.4,75337.4856765748,0.0,72821.3907494791,0.0,76004.12189960205,0.4,72609.01790898597,0.0,73352.83961727782,0.16
300,69992.18185174715,0.4,75305.60400583915,0.9333333333333333,72792.5535004474,1.7777777777777777,75861.41766475259,0.4,72426.60430960817,1.511111111111111,73275.6722664789,1.0044444444444445
301,69992.18185174715,0.0,75305.60400583915,0.0,72792.5535004474,0.0,75861.41766475259,0.4,72426.60430960817,0.4,73275.6722664789,0.16
302,69992.18185174715,0.4,75305.60400583915,0.0,72712.23560349242,1.511111111111111,75861.41766475259,0.0,72357.152241568,0.4,73245.71827347987,0.4622222222222222
303,69992.18185174715,0.4,75251.43974614289,0.4,72712.23560349242,0.0,75861.41766475259,0.8,72357.152241568,0.0,73234.88542154062,0.32
304,69948.63763547658,1.2,75251.43974614289,0.0,72712.23560349242,0.0,75861.41766475259,0.8,72338.54622414532,0.9333333333333333,73222.45537480197,0.5866666666666667
305,69948.63763547658,0.4,75251.43974614289,0.0,72488.29666043406,0.4,75861.41766475259,0.0,72338.54622414532,0.0,73177.66758619029,0.16
306,69948.63763547658,0.0,75251.43974614289,0.0,72427.17790051752,1.1111111111111112,75861.41766475259,0.4,72338.54622414532,0.0,73165.44383420699,0.3022222222222222
307,69948.63763547658,0.0,75202.88700773483,1.3333333333333333,72427.17790051752,0.4,75861.41766475259,0.0,72338.54622414532,0.0,73155.73328652537,0.3466666666666667
308,69948.63763547658,0.4,75184.0848667079,1.8666666666666667,72427.17790051752,0.0,75861.41766475259,0.0,72338.54622414532,0.4,73151.97285831998,0.5333333333333333
309,69916.39907023715,0.7111111111111111,75184.0848667079,0.0,72427.17790051752,0.4,75861.41766475259,0.0,72338.54622414532,0.0,73145.5251452721,0.22222222222222224
310,69916.39907023715,0.0,75184.0848667079,0.4,72427.17790051752,0.0,75861.41766475259,0.8,72338.54622414532,0.0,73145.5251452721,0.24000000000000005
311,69818.38177339565,1.0666666666666667,75184.0848667079,0.0,72427.17790051752,0.4,75861.41766475259,0.0,72338.54622414532,0.4,73125.9216859038,0.37333333333333335
312,69818.38177339565,0.4,75184.0848667079,0.4,72427.17790051752,0.0,75861.41766475259,0.8,72338.54622414532,0.0,73125.9216859038,0.32
313,69818.38177339565,0.0,75184.0848667079,0.4,72427.17790051752,0.0,75825.69859885161,1.1111111111111112,72338.54622414532,0.4,73118.77787272361,0.3822222222222222
314,69818.38177339565,0.0,75184.0848667079,0.4,72427.17790051752,0.0,75825.69859885161,0.0,72338.54622414532,0.4,73118.77787272361,0.16
315,69818.38177339565,0.0,75184.0848667079,0.8,72427.17790051752,0.0,75825.69859885161,0.0,72338.54622414532,0.0,73118.77787272361,0.16
316,69434.85399857671,1.511111111111111,75184.0848667079,0.0,72427.17790051752,0.0,75825.69859885161,0.0,72338.54622414532,0.0,73042.07231775983,0.3022222222222222
317,69434.85399857671,0.0,75184.0848667079,0.4,72427.17790051752,0.4,75825.69859885161,0.0,72338.54622414532,0.0,73042.07231775983,0.16
318,69434.85399857671,0.0,75184.0848667079,0.0,72427.17790051752,0.0,75825.69859885161,0.0,72338.54622414532,0.0,73042.07231775983,0.0
319,69404.2784177322,0.9333333333333333,74492.06494580905,0.0,72427.17790051752,0.4,75825.69859885161,0.0,72338.54622414532,1.2,72897.55321741114,0.5066666666666666
320,69404.2784177322,0.0,74492.06494580905,0.0,72098.63264402379,0.4,75825.69859885161,0.8,72338.54622414532,0.0,72831.8441661124,0.24000000000000005
321,69404.2784177322,0.0,74492.06494580905,0.0,72098.63264402379,0.0,75807.86040204453,0.4,71917.772437656,0.8,72744.12176945312,0.24000000000000005
322,69404.2784177322,0.8,74492.06494580905,0.0,72098.63264402379,0.0,75807.86040204453,0.0,71917.772437656,0.0,72744.12176945312,0.16
323,69404.2784177322,0.0,74492.06494580905,0.4,72098.63264402379,0.0,75807.86040204453,0.0,71917.772437656,0.0,72744.12176945312,0.08
324,69404.2784177322,0.4,74492.06494580905,0.4,72098.63264402379,0.4,75782.49697981577,0.9333333333333333,71917.772437656,0.8,72739.04908500737,0.5866666666666667
325,69404.2784177322,0.0,74492.06494580905,0.0,72098.63264402379,0.0,75782.49697981577,0.0,71917.772437656,0.0,72739.04908500737,0.0
326,69404.2784177322,0.4,74451.17457558808,0.7111111111111111,72098.63264402379,0.0,75782.49697981577,0.0,71917.772437656,0.4,72730.87101096318,0.3022222222222222
327,69279.13169634811,1.511111111111111,74451.17457558808,0.0,71886.95998244018,2.4444444444444446,75667.21854380135,1.1111111111111112,71766.14818732267,0.0,72610.12659710008,1.0133333333333332
328,69279.13169634811,0.8,74451.17457558808,0.4,71886.95998244018,0.0,75667.21854380135,0.0,71766.14818732267,0.0,72610.12659710008,0.24000000000000005
329,69279.13169634811,0.0,74203.34792806394,0.9333333333333333,71886.95998244018,0.0,75432.37208724083,0.4,71766.14818732267,0.8,72513.59197628315,0.42666666666666675
330,69279.13169634811,0.8,74203.34792806394,0.0,71886.95998244018,0.0,74768.3031416628,1.1111111111111112,71708.78788137595,0.8,72369.3061259782,0.5422222222222223
331,69279.13169634811,0.4,73844.84518506765,0.8,71886.95998244018,0.0,74768.3031416628,0.0,71708.78788137595,0.4,72297.60557737893,0.32
332,69279.13169634811,0.0,73844.84518506765,0.4,71671.13877151559,1.1111111111111112,74562.31124850137,1.3333333333333333,71708.78788137595,0.8,72213.24295656172,0.7288888888888888
333,69279.13169634811,0.0,73844.84518506765,0.4,71658.31665507387,1.1111111111111112,74562.31124850137,0.0,71708.78788137595,0.4,72210.67853327339,0.3822222222222222
334,69208.88078209135,1.4666666666666666,73844.84518506765,0.0,71636.36724281413,1.4666666666666666,74209.86178694297,0.7111111111111111,71708.78788137595,0.4,72121.7485756584,0.8088888888888889
335,69208.88078209135,0.4,73844.84518506765,0.4,71636.36724281413,0.0,74209.86178694297,0.0,71708.78788137595,0.8,72121.7485756584,0.32
336,69208.88078209135,0.0,73833.51330119563,0.4,71485.19323799168,2.1333333333333333,74209.86178694297,0.0,71708.78788137595,0.0,72089.2473979195,0.5066666666666666
337,69208.88078209135,0.4,73833.51330119563,1.2,71485.19323799168,0.0,74209.86178694297,0.4,71708.78788137595,0.8,72089.2473979195,0.5599999999999999
338,69207.26319253142,0.7111111111111111,73823.70013916724,1.4666666666666666,71441.9631266516,1.0666666666666667,74209.86178694297,0.4,71698.19637206454,0.4,72076.19692347155,0.8088888888888889
339,69207.26319253142,0.4,73823.70013916724,0.0,71441.9631266516,0.4,74209.86178694297,0.0,71486.95672960668,1.511111111111111,72033.94899497999,0.4622222222222222
340,69207.26319253142,0.4,73823.70013916724,0.0,71441.9631266516,0.0,74186.77115304847,0.7777777777777778,71486.95672960668,0.4,72029.33086820108,0.3155555555555556
341,69207.26319253142,0.4,73661.43218480822,0.9333333333333333,71441.9631266516,0.0,74172.76087829498,1.1111111111111112,71445.96753970487,1.0666666666666667,71985.87738439822,0.7022222222222222
342,69207.26319253142,0.0,73446.8422234256,0.9333333333333333,71433.93917611084,0.4,74084.47733726124,0.9333333333333333,71445.96753970487,0.0,71923.69789380679,0.4533333333333333
343,69207.26319253142,0.0,73446.8422234256,0.8,71433.93917611084,0.0,74084.47733726124,0.4,71445.96753970487,0.8,71923.69789380679,0.4
344,69207.26319253142,0.4,73446.8422234256,0.0,71433.93917611084,0.0,74084.47733726124,0.0,71445.96753970487,0.8,71923.69789380679,0.24000000000000005
345,69207.26319253142,0.0,73234.05953854717,0.9333333333333333,71433.93917611084,0.0,74084.47733726124,0.0,71445.96753970487,0.0,71881.14135683111,0.18666666666666668
346,69207.26319253142,0.0,73070.82203536922,1.511111111111111,71433.93917611084,0.0,74084.47733726124,0.4,71445.96753970487,0.4,71848.49385619552,0.4622222222222222
347,69207.26319253142,0.0,73070.82203536922,0.0,71433.93917611084,0.4,74084.47733726124,0.4,71445.96753970487,0.4,71848.49385619552,0.24000000000000005
348,69207.26319253142,0.4,73070.82203536922,0.4,71433.93917611084,0.0,74084.47733726124,0.0,71292.93239141065,1.3333333333333333,71817.88682653668,0.42666666666666664
349,69207.26319253142,0.0,73070.82203536922,0.0,71230.35863001605,0.9333333333333333,74084.47733726124,0.4,71292.93239141065,0.0,71777.17071731771,0.2666666666666667
350,69192.30956782904,1.511111111111111,73070.82203536922,0.0,71174.18444467316,1.4666666666666666,74084.47733726124,0.0,71292.93239141065,0.0,71762.94515530865,0.5955555555555556
351,69192.30956782904,0.0,72504.48975785497,0.0,71174.18444467316,0.4,74011.35713661562,1.1111111111111112,71292.93239141065,0.0,71635.0546596767,0.3022222222222222
352,69192.30956782904,0.4,72504.48975785497,0.4,71174.18444467316,0.0,74011.35713661562,0.0,71292.93239141065,1.2,71635.0546596767,0.4
353,69100.73541679417,2.533333333333333,72504.48975785497,0.0,71174.18444467316,0.4,74011.35713661562,0.0,71236.1750237438,1.1111111111111112,71605.38835593635,0.8088888888888889
354,69100.73541679417,0.0,72504.48975785497,0.0,71174.18444467316,0.4,74011.35713661562,0.4,71219.1752538222,1.7333333333333334,71601.98840195204,0.5066666666666666
355,69100.73541679417,0.0,72378.27807962452,0.9333333333333333,71174.18444467316,0.4,74011.35713661562,0.4,71219.1752538222,0.0,71576.74606630593,0.3466666666666667
356,69100.73541679417,0.0,72378.27807962452,0.4,71174.18444467316,0.0,73908.89107425052,0.4,71219.1752538222,0.4,71556.2528538329,0.24000000000000005
357,69100.73541679417,0.4,72378.27807962452,0.0,71174.18444467316,0.0,73908.89107425052,0.0,71219.1752538222,0.0,71556.2528538329,0.08
358,69100.73541679417,0.0,72378.27807962452,0.8,71174.18444467316,0.0,73908.89107425052,0.4,71219.1752538222,0.0,71556.2528538329,0.24000000000000005
359,69100.73541679417,0.0,72325.33730505928,0.4,71174.18444467316,0.4,73908.89107425052,0.4,71219.1752538222,0.0,71545.66469891986,0.24000000000000005
360,69100.73541679417,0.4,72325.33730505928,0.8,71174.18444467316,0.4,73908.89107425052,0.0,71219.1752538222,0.0,71545.66469891986,0.32
361,69100.73541679417,0.4,72325.33730505928,0.4,71174.18444467316,0.0,73908.89107425052,0.0,71187.48812355284,0.7111111111111111,71539.327272866,0.3022222222222222
362,69100.73541679417,0.8,72325.33730505928,0.0,71174.18444467316,0.4,73882.90371181734,0.4,71142.03126240878,1.3333333333333333,71525.03842815055,0.5866666666666667
363,69043.6530557907,0.4,72325.33730505928,0.4,71174.18444467316,0.0,73882.90371181734,0.4,71142.03126240878,0.0,71513.62195594984,0.24000000000000005
364,69043.6530557907,0.4,72325.33730505928,0.4,71174.18444467316,0.0,73623.76540611587,0.7111111111111111,71142.03126240878,0.0,71461.79429480954,0.3022222222222222
365,69043.6530557907,0.0,72325.33730505928,0.0,71174.18444467316,0.0,73623.76540611587,0.0,71142.03126240878,0.0,71461.79429480954,0.0
366,69043.6530557907,0.0,72325.33730505928,0.4,71174.18444467316,0.0,73623.76540611587,0.8,71142.03126240878,1.2,71461.79429480954,0.4800000000000001
367,69043.6530557907,0.4,72325.33730505928,0.0,71174.18444467316,0.4,73623.76540611587,0.0,71142.03126240878,0.0,71461.79429480954,0.16
368,69043.6530557907,0.0,72325.33730505928,0.0,71174.18444467316,0.0,73623.76540611587,0.0,71142.03126240878,0.4,71461.79429480954,0.08
369,69043.6530557907,0.0,72325.33730505928,0.4,71174.18444467316,0.4,73589.18274235673,1.511111111111111,71103.7486471612,0.4,71447.22123900821,0.5422222222222222
370,68687.50788311647,0.9333333333333333,72325.33730505928,0.0,71174.18444467316,0.0,73589.18274235673,0.4,71103.7486471612,0.0,71375.99220447335,0.2666666666666667
371,68687.50788311647,0.0,72325.33730505928,0.0,71174.18444467316,0.4,73589.18274235673,0.0,70653.45698614638,1.7777777777777777,71285.9338722704,0.43555555555555553
372,68687.50788311647,0.0,72325.33730505928,0.0,71174.18444467316,0.4,73589.18274235673,0.0,70384.75782962459,2.0444444444444443,71232.19404096603,0.4888888888888888
373,68687.50788311647,0.0,72325.33730505928,0.0,71174.18444467316,0.8,73589.18274235673,0.8,70384.75782962459,0.4,71232.19404096603,0.4
374,68576.49307420358,2.2666666666666666,72325.33730505928,0.0,71174.18444467316,0.4,73589.18274235673,0.0,70384.75782962459,0.8,71209.99107918346,0.6933333333333334
375,68576.49307420358,0.0,72325.33730505928,0.4,71174.18444467316,0.0,73481.47693983409,0.8,70384.75782962459,0.0,71188.44991867893,0.24000000000000005
376,68576.49307420358,0.0,72325.33730505928,0.4,71174.18444467316,0.4,73481.47693983409,0.0,70217.555743233,0.0,71155.00950140062,0.16
377,68514.17195973024,0.0,72325.33730505928,0.8,71174.18444467316,0.0,73481.47693983409,0.4,70217.555743233,0.0,71142.54527850596,0.24000000000000005
378,68392.93585089748,1.0666666666666667,72325.33730505928,0.0,71057.03846043142,1.3333333333333333,73184.50472076051,1.0666666666666667,70217.555743233,0.0,71035.47441607634,0.6933333333333334
379,68392.93585089748,0.0,72325.33730505928,0.0,71057.03846043142,0.0,73178.15631918424,0.4,70217.555743233,0.4,71034.20473576109,0.16
380,68321.93630279832,1.4666666666666666,72325.33730505928,0.0,71057.03846043142,0.0,73059.64281357879,0.4,70217.555743233,0.0,70996.30212502016,0.37333333333333335
381,68321.93630279832,0.4,72325.33730505928,0.8,71057.03846043142,0.4,72798.9547128143,1.3333333333333333,70217.555743233,0.0,70944.16450486727,0.5866666666666667
382,68321.93630279832,0.4,72325.33730505928,0.0,71057.03846043142,0.0,72709.09446999418,1.4666666666666666,70217.555743233,0.4,70926.19245630324,0.4533333333333333
383,68321.93630279832,0.0,72325.33730505928,0.0,71057.03846043142,0.0,72709.09446999418,0.0,70217.555743233,0.4,70926.19245630324,0.08
384,68321.93630279832,0.4,72279.10796693427,0.0,71057.03846043142,0.0,72709.09446999418,0.0,70217.555743233,0.4,70916.94658867824,0.16
385,68321.93630279832,0.0,72279.10796693427,0.0,71057.03846043142,0.0,72709.09446999418,0.0,70217.555743233,0.0,70916.94658867824,0.0
386,68321.93630279832,0.0,72279.10796693427,0.0,71057.03846043142,0.0,72709.09446999418,0.4,70217.555743233,0.4,70916.94658867824,0.16
387,68321.93630279832,0.0,72233.45616261968,1.4666666666666666,71057.03846043142,0.0,72709.09446999418,0.0,70217.555743233,0.4,70907.81622781532,0.37333333333333335
388,68321.93630279832,0.4,72233.45616261968,0.0,71057.03846043142,0.0,72709.09446999418,0.4,70217.555743233,0.0,70907.81622781532,0.16
389,68321.93630279832,0.0,72233.45616261968,0.4,71057.03846043142,0.8,72709.09446999418,0.4,70217.555743233,0.0,70907.81622781532,0.32
390,68321.93630279832,0.0,72102.09021783558,0.9333333333333333,71057.03846043142,0.4,72709.09446999418,0.0,70217.555743233,0.4,70881.5430388585,0.3466666666666667
391,68301.7211456307,1.0666666666666667,72102.09021783558,0.0,71057.03846043142,0.0,72709.09446999418,0.8,70217.555743233,0.0,70877.50000742497,0.37333333333333335
392,68301.7211456307,0.0,71782.35252849462,0.8,71057.03846043142,0.4,72709.09446999418,0.0,70217.555743233,0.4,70813.55246955677,0.32
393,68301.7211456307,0.4,71663.52942292056,0.7111111111111111,70604.27385372686,0.4,72709.09446999418,0.0,70217.555743233,0.4,70699.23492710106,0.3822222222222222
394,68301.7211456307,0.0,71663.52942292056,0.8,70604.27385372686,0.4,72709.09446999418,0.0,70161.28640802576,0.4,70687.98106005961,0.32
395,68301.7211456307,0.0,71663.52942292056,0.0,70604.27385372686,0.0,72709.09446999418,0.4,69903.74418459616,0.4,70636.4726153737,0.16
396,68136.15346790866,0.4,71663.52942292056,0.4,70604.27385372686,0.4,72536.80526124673,1.511111111111111,69903.74418459616,0.0,70568.9012380798,0.5422222222222223
397,68136.15346790866,0.8,71663.52942292056,0.0,70577.83790327713,1.8666666666666667,72507.69403166513,1.511111111111111,69887.83950364885,0.7111111111111111,70554.61086588408,0.9777777777777779
398,68136.15346790866,0.0,71435.64327956786,1.1111111111111112,70577.83790327713,0.0,72507.69403166513,0.8,69492.24148899128,0.0,70429.91403428202,0.38222222222222224
399,68136.15346790866,0.0,71435.64327956786,0.0,70507.68148616984,0.9333333333333333,72503.40066362548,1.1111111111111112,69492.24148899128,0.0,70415.02407725263,0.40888888888888886
400,68136.15346790866,0.4,71435.64327956786,0.0,70399.07487110472,0.0,72503.40066362548,0.0,69492.24148899128,1.2,70393.3027542396,0.32
401,68136.15346790866,0.0,71144.18103843513,0.9333333333333333,70399.07487110472,0.0,72503.40066362548,0.0,69489.93275144098,1.1111111111111112,70334.54855850298,0.40888888888888886
402,68136.15346790866,0.0,71144.18103843513,0.0,70399.07487110472,0.0,72503.40066362548,0.0,69140.17723804177,0.9333333333333333,70264.59745582314,0.18666666666666668
403,68136.15346790866,0.0,70935.12053330347,0.4,70399.07487110472,0.0,72503.40066362548,0.0,69140.17723804177,0.0,70222.78535479683,0.08
404,68136.15346790866,0.4,70935.12053330347,0.0,70399.07487110472,0.4,72503.40066362548,0.0,69140.17723804177,0.0,70222.78535479683,0.16
405,68136.15346790866,0.4,70935.12053330347,0.0,70399.07487110472,0.0,72281.33076351191,0.9333333333333333,69140.17723804177,0.0,70178.37137477411,0.2666666666666667
406,68058.93038045324,1.3333333333333333,70935.12053330347,0.4,70163.06213325144,0.0,72281.33076351191,0.4,69140.17723804177,0.0,70115.72420971238,0.42666666666666664
407,67871.07168479793,0.4,70935.12053330347,0.0,70163.06213325144,0.0,72281.33076351191,0.0,69140.17723804177,0.4,70078.1524705813,0.16
408,67739.56518365082,1.9111111111111112,70935.12053330347,0.0,70163.06213325144,0.0,72244.26904529361,0.7111111111111111,69092.71540110993,1.0666666666666667,70034.94645932186,0.7377777777777779
409,67739.56518365082,0.4,70921.2527374706,1.1111111111111112,70163.06213325144,0.4,72244.26904529361,0.4,69092.71540110993,0.8,70032.17290015529,0.6222222222222221
410,67508.39288392026,1.0666666666666667,70921.2527374706,0.0,70163.06213325144,0.4,72244.26904529361,0.0,68907.17363535555,1.511111111111111,69948.83008705829,0.5955555555555556
411,67508.39288392026,0.0,70921.2527374706,0.0,70041.94386700403,1.0666666666666667,72244.26904529361,0.8,68907.17363535555,0.4,69924.6064338088,0.4533333333333333
412,67508.39288392026,0.0,70921.2527374706,0.0,69866.2486811717,1.3333333333333333,72244.26904529361,0.4,68907.17363535555,0.0,69889.46739664234,0.3466666666666667
413,67508.39288392026,0.0,70899.14259735496,0.4,69593.19532954466,0.7111111111111111,72244.26904529361,0.0,68907.17363535555,0.0,69830.43469829382,0.22222222222222224
414,67508.39288392026,0.0,70899.14259735496,0.8,69593.19532954466,0.0,72244.26904529361,0.0,68907.17363535555,0.4,69830.43469829382,0.24000000000000005
415,67508.39288392026,0.0,70899.14259735496,0.4,69482.02179812045,0.7111111111111111,72244.26904529361,0.0,68907.17363535555,0.0,69808.19999200897,0.22222222222222224
416,67508.39288392026,0.0,70899.14259735496,0.4,69482.02179812045,1.2,72177.55403909464,0.4,68907.17363535555,0.0,69794.85699076919,0.4
417,67357.83307122716,0.7111111111111111,70899.14259735496,0.0,69482.02179812045,0.0,72177.55403909464,0.0,68410.10551497604,1.8666666666666667,69665.33140415465,0.5155555555555555
418,67357.83307122716,0.0,70899.14259735496,0.8,69482.02179812045,0.4,71753.60564674313,0.9333333333333333,68410.10551497604,0.0,69580.54172568435,0.42666666666666675
419,67357.83307122716,0.8,70899.14259735496,0.4,69482.02179812045,0.8,71753.60564674313,0.4,68410.10551497604,0.4,69580.54172568435,0.5599999999999999
420,67357.83307122716,0.0,70861.16235832126,0.9333333333333333,69482.02179812045,0.7777777777777778,71712.16881162212,1.0666666666666667,68410.10551497604,0.0,69564.65831085341,0.5555555555555556
421,67223.61496926159,0.4,70706.01132030225,1.1111111111111112,69482.02179812045,0.0,71712.16881162212,0.4,68410.10551497604,0.4,69506.78448285648,0.4622222222222222
422,67223.61496926159,0.0,70660.06834815857,1.4666666666666666,69482.02179812045,0.4,71712.16881162212,0.4,68410.10551497604,0.4,69497.59588842775,0.5333333333333333
423,67223.61496926159,0.0,70660.06834815857,0.0,69482.02179812045,0.4,71712.16881162212,0.0,68069.14362360489,1.3333333333333333,69429.40351015353,0.3466666666666667
424,67223.61496926159,0.0,70660.06834815857,0.8,69482.02179812045,0.0,71712.16881162212,0.0,68069.14362360489,0.0,69429.40351015353,0.16
425,67223.61496926159,0.4,70660.06834815857,0.4,69482.02179812045,0.0,71712.16881162212,0.4,68069.14362360489,0.4,69429.40351015353,0.32
426,67223.61496926159,0.0,70660.06834815857,0.4,69482.02179812045,0.4,71712.16881162212,0.4,68014.6466679136,0.8,69418.50411901527,0.4
427,67223.61496926159,0.0,70660.06834815857,0.0,69482.02179812045,0.0,71623.97270406547,0.4,67937.39904710697,0.7111111111111111,69385.4153733426,0.22222222222222224
428,67223.61496926159,0.4,70660.06834815857,0.4,69482.02179812045,0.4,71623.97270406547,0.4,67937.39904710697,0.0,69385.4153733426,0.32
429,67223.61496926159,0.0,70660.06834815857,0.4,69482.02179812045,0.4,71623.97270406547,0.4,67937.39904710697,0.8,69385.4153733426,0.4
430,67223.61496926159,0.0,70660.06834815857,0.0,69482.02179812045,0.0,71623.97270406547,0.4,67937.39904710697,0.4,69385.4153733426,0.16
431,67223.61496926159,0.0,70598.91795730962,0.4,69482.02179812045,0.4,71623.97270406547,0.4,67937.39904710697,0.0,69373.18529517282,0.24000000000000005
432,67223.61496926159,0.4,70598.91795730962,0.0,69482.02179812045,0.0,71623.97270406547,0.0,67937.39904710697,0.4,69373.18529517282,0.16
433,67223.61496926159,0.4,70598.91795730962,0.4,69482.02179812045,0.0,71623.97270406547,0.0,67937.39904710697,0.4,69373.18529517282,0.24000000000000005
434,67223.61496926159,0.4,70598.91795730962,0.4,69248.27262046888,0.7111111111111111,71374.6826386615,0.0,67937.39904710697,0.4,69276.5774465617,0.3822222222222222
435,66921.57418800019,0.0,70598.91795730962,0.4,69246.59216082795,0.7111111111111111,71249.90363948839,1.1111111111111112,67937.39904710697,0.4,69190.87739854663,0.5244444444444445
436,66656.21338526682,1.3333333333333333,70598.91795730962,0.4,69246.59216082795,0.8,71249.90363948839,0.4,67937.39904710697,0.4,69137.80523799996,0.6666666666666666
437,66656.21338526682,0.0,70598.91795730962,0.4,69246.59216082795,0.8,71249.90363948839,0.4,67937.39904710697,0.0,69137.80523799996,0.32
438,66656.21338526682,0.4,70598.91795730962,0.4,69246.59216082795,0.0,71236.71394267079,1.0666666666666667,67937.39904710697,0.4,69135.16729863643,0.4533333333333333
439,66656.21338526682,0.0,70598.91795730962,0.0,69246.59216082795,0.0,71236.71394267079,0.4,67937.39904710697,0.0,69135.16729863643,0.08
440,66656.21338526682,0.0,70598.91795730962,0.0,69246.59216082795,0.0,71236.71394267079,0.0,67937.39904710697,0.0,69135.16729863643,0.0
441,66656.21338526682,0.0,70598.91795730962,0.0,69246.59216082795,0.0,71236.71394267079,0.8,67937.39904710697,0.0,69135.16729863643,0.16
442,66656.21338526682,0.0,70598.91795730962,0.0,69246.59216082795,0.4,71236.71394267079,0.4,67639.97665985464,0.8,69075.68282118595,0.32
443,66656.21338526682,0.0,70598.91795730962,0.0,69246.59216082795,0.0,70328.65815030216,2.7111111111111112,67639.97665985464,0.4,68894.07166271223,0.6222222222222222
444,66656.21338526682,0.4,70392.57750994361,0.4,69246.59216082795,0.0,70328.65815030216,1.2,67639.97665985464,0.8,68852.80357323904,0.5599999999999999
445,66645.78458121645,0.4,70392.57750994361,0.0,69246.59216082795,0.0,70328.65815030216,0.0,67639.97665985464,0.0,68850.71781242896,0.08
446,66645.78458121645,0.4,70392.57750994361,0.0,69246.59216082795,0.4,70328.65815030216,0.4,67639.97665985464,0.4,68850.71781242896,0.32
447,66645.78458121645,0.0,70392.57750994361,0.8,69198.1986521638,0.9333333333333333,70328.65815030216,0.0,67639.97665985464,0.0,68841.03911069613,0.3466666666666667
448,66645.78458121645,0.0,70392.57750994361,0.8,69198.1986521638,0.4,70328.65815030216,0.0,67639.97665985464,0.0,68841.03911069613,0.24000000000000005
449,66645.78458121645,0.0,70241.66602743059,1.1111111111111112,69198.1986521638,0.0,70328.65815030216,0.4,67117.78380041449,1.511111111111111,68706.41824230549,0.6044444444444445
450,66316.14085811486,1.4666666666666666,70241.66602743059,0.0,69198.1986521638,0.4,70307.81683774693,0.4,67117.78380041449,0.0,68636.32123517412,0.4533333333333333
451,66316.14085811486,0.4,70241.66602743059,1.2,69198.1986521638,0.0,70288.38872943464,0.9333333333333333,67117.78380041449,0.0,68632.43561351167,0.5066666666666666
452,66316.14085811486,0.8,70241.66602743059,0.4,69198.1986521638,0.0,70288.38872943464,0.0,67100.55367636762,0.7111111111111111,68628.9895887023,0.3822222222222223
453,66316.14085811486,0.8,70241.66602743059,0.0,69198.1986521638,0.0,70288.38872943464,0.0,66843.28053766202,2.533333333333333,68577.53496096117,0.6666666666666666
454,66316.14085811486,0.0,70241.66602743059,0.0,69198.1986521638,0.4,69960.15023504535,0.0,66843.28053766202,0.0,68511.88726208333,0.08
455,66316.14085811486,0.8,70241.66602743059,0.0,69198.1986521638,0.0,69960.15023504535,0.4,66817.39619471157,0.8,68506.71039349322,0.4
456,66316.14085811486,0.0,70241.66602743059,0.0,69198.1986521638,0.0,69960.15023504535,0.0,66817.39619471157,0.0,68506.71039349322,0.0
457,66306.52570259396,0.4,70241.66602743059,0.0,69198.1986521638,0.0,69960.15023504535,0.0,66817.39619471157,0.0,68504.78736238906,0.08
458,66306.52570259396,0.0,70241.66602743059,0.0,69198.1986521638,0.4,69764.61802921371,1.1111111111111112,66817.39619471157,0.0,68465.68092122274,0.3022222222222222
459,66306.52570259396,0.4,70241.66602743059,0.4,68927.09346477351,0.7111111111111111,69719.38099629217,1.4666666666666666,66769.30524134733,1.1111111111111112,68392.79428648752,0.8177777777777777
460,66292.1265156947,0.0,69950.50112093211,0.4,68927.09346477351,0.4,69719.38099629217,0.4,66724.72907993096,0.4,68322.7662355247,0.32
461,66292.1265156947,0.0,69794.16420473973,0.9333333333333333,68927.09346477351,0.0,69697.47148760493,0.7111111111111111,66724.72907993096,0.4,68287.11695054876,0.40888888888888886
462,66292.1265156947,0.4,69769.44726459475,1.3333333333333333,68927.09346477351,0.4,69697.47148760493,0.0,66724.72907993096,0.0,68282.17356251976,0.42666666666666664
463,66292.1265156947,0.4,69769.44726459475,0.0,68927.09346477351,0.0,69697.47148760493,0.0,66724.72907993096,0.4,68282.17356251976,0.16
464,66292.1265156947,0.0,69769.44726459475,0.0,68927.09346477351,0.0,69697.47148760493,0.0,66724.72907993096,0.0,68282.17356251976,0.0
465,66292.1265156947,0.0,69752.20911783616,0.4,68927.09346477351,0.0,69697.47148760493,0.0,66724.72907993096,1.2,68278.72593316804,0.32
466,66292.1265156947,0.4,69752.20911783616,0.0,68927.09346477351,0.0,69697.47148760493,0.0,66724.72907993096,0.0,68278.72593316804,0.08
467,66292.1265156947,0.0,69752.20911783616,0.4,68772.6603459587,0.4,69697.47148760493,0.4,66724.72907993096,0.0,68247.8393094051,0.24000000000000005
468,66226.94272722532,0.4,69639.75769052067,1.0666666666666667,68752.00410507766,0.7111111111111111,69226.69482573301,0.4,66724.72907993096,0.0,68114.02568569752,0.5155555555555555
469,66226.94272722532,0.0,69639.75769052067,0.0,68752.00410507766,0.0,69226.69482573301,0.4,66724.72907993096,0.4,68114.02568569752,0.16
470,66226.94272722532,0.4,69592.01393508037,1.3333333333333333,68752.00410507766,0.4,69226.69482573301,0.0,66724.72907993096,0.0,68104.47693460947,0.42666666666666664
471,66226.94272722532,0.8,69592.01393508037,0.0,68735.0254128477,1.1111111111111112,69226.69482573301,0.4,66724.72907993096,0.4,68101.08119616348,0.5422222222222223
472,66226.94272722532,0.4,69592.01393508037,0.0,68735.0254128477,0.0,69226.69482573301,0.0,66711.93755114959,0.4,68098.5228904072,0.16
473,66226.94272722532,0.4,69592.01393508037,0.4,68735.0254128477,0.4,69226.69482573301,0.0,66711.93755114959,0.0,68098.5228904072,0.24000000000000005
474,66226.94272722532,0.4,69592.01393508037,0.0,68735.0254128477,0.0,69226.69482573301,0.0,66711.93755114959,0.0,68098.5228904072,0.08
475,66226.94272722532,0.0,69592.01393508037,0.0,68735.0254128477,0.0,69226.69482573301,0.0,66711.93755114959,0.0,68098.5228904072,0.0
476,66226.94272722532,0.0,69592.01393508037,0.4,68426.63095654681,0.4,69226.69482573301,1.2,66639.09592517365,1.1111111111111112,68022.27567395184,0.6222222222222222
477,66226.94272722532,0.0,69592.01393508037,0.0,68426.63095654681,0.4,69226.69482573301,0.0,66639.09592517365,0.4,68022.27567395184,0.16
478,66226.94272722532,0.4,69592.01393508037,0.4,68426.63095654681,0.0,69226.69482573301,0.8,66639.09592517365,0.0,68022.27567395184,0.32
479,65793.35118574424,1.8888888888888888,69592.01393508037,0.0,68426.63095654681,0.0,69226.69482573301,0.0,66639.09592517365,0.0,67935.55736565562,0.37777777777777777
480,65648.17259053099,0.8,69592.01393508037,0.4,68426.63095654681,0.4,69217.83262716542,0.9333333333333333,66639.09592517365,0.0,67904.74920689945,0.5066666666666666
481,65648.17259053099,0.4,69592.01393508037,0.4,68426.63095654681,0.0,69217.83262716542,0.0,66639.09592517365,0.0,67904.74920689945,0.16
482,65648.17259053099,0.0,69277.77949097825,1.3333333333333333,68426.63095654681,0.4,69030.13687637712,1.4666666666666666,66639.09592517365,0.4,67804.36316792136,0.72
483,65648.17259053099,0.0,69277.77949097825,0.0,68426.63095654681,0.0,69030.13687637712,0.0,66597.82152323106,1.7333333333333334,67796.10828753284,0.3466666666666667
484,65648.17259053099,0.8,69277.77949097825,0.8,68426.63095654681,0.4,69030.13687637712,0.4,66501.86248216085,1.3333333333333333,67776.9164793188,0.7466666666666667
485,65648.17259053099,0.0,69243.05238006591,0.7111111111111111,68426.63095654681,0.4,69030.13687637712,0.0,66501.86248216085,0.0,67769.97105713634,0.22222222222222224
486,65648.17259053099,0.4,69243.05238006591,0.4,68426.63095654681,0.0,69030.13687637712,0.8,66501.86248216085,0.0,67769.97105713634,0.32
487,65648.17259053099,0.0,69243.05238006591,0.0,68426.63095654681,0.4,68670.15223838665,0.7111111111111111,66501.86248216085,0.0,67697.97412953826,0.22222222222222224
488,65648.17259053099,0.4,69243.05238006591,0.0,68426.63095654681,0.4,68615.56973088383,2.933333333333333,66094.78151153195,1.0666666666666667,67605.6414339119,0.96
489,65648.17259053099,0.0,69173.60585549445,1.4666666666666666,68366.07852416563,0.9333333333333333,68615.56973088383,0.4,66094.78151153195,0.0,67579.64164252137,0.5599999999999999
490,65648.17259053099,0.4,69173.60585549445,0.4,68366.07852416563,0.0,68593.7347310548,0.0,66094.78151153195,0.0,67575.27464255557,0.16
491,65476.709947672214,1.0666666666666667,68624.29533176513,0.4,68366.07852416563,0.0,68593.7347310548,0.4,66094.78151153195,0.0,67431.12000923794,0.37333333333333335
492,65450.40742657122,1.8666666666666667,68624.29533176513,0.4,68366.07852416563,0.0,68186.18841140441,1.4666666666666666,66094.78151153195,0.4,67344.35024108767,0.8266666666666668
493,65450.40742657122,0.4,68624.29533176513,0.0,68366.07852416563,0.4,68186.18841140441,0.8,65970.56106737712,1.3333333333333333,67319.5061522567,0.5866666666666667
494,65450.40742657122,0.4,68624.29533176513,0.0,67868.92976022518,0.0,68186.18841140441,0.0,65970.56106737712,0.0,67220.07639946861,0.08
495,65355.694859134914,0.4,68624.29533176513,0.0,67868.92976022518,0.0,68186.18841140441,0.4,65970.56106737712,0.0,67201.13388598135,0.16
496,65355.694859134914,0.0,68570.97940032308,0.7111111111111111,67868.92976022518,0.0,68186.18841140441,0.4,65970.56106737712,0.8,67190.47069969293,0.38222222222222224
497,65146.381232275126,1.0666666666666667,68570.97940032308,0.0,67868.92976022518,0.4,68186.18841140441,0.4,65970.56106737712,0.0,67148.60797432097,0.37333333333333335
498,65146.381232275126,0.4,68570.97940032308,0.0,67687.11683961541,0.8,67976.7186962249,1.511111111111111,65970.56106737712,0.8,67070.35144716312,0.7022222222222222
499,65146.381232275126,0.0,68570.97940032308,0.0,67687.11683961541,0.0,67976.7186962249,0.0,65970.56106737712,0.4,67070.35144716312,0.08
500,65146.381232275126,0.0,68570.97940032308,0.4,67417.03876606663,0.4,67976.7186962249,0.0,65970.56106737712,0.0,67016.33583245336,0.16
